solver,n_nodes,runs,mean_cost,max_cost,std_cost,best_cost,worst_cost,mean_time_s,max_time_s,std_time_s,mean_memory_mb,max_memory_mb,mean_gap_pct,max_gap_pct,exact_match_rate,consistency_error_rate
aco,6,2,81.44782782568768,81.44782782568768,0.0,81.44782782568768,81.44782782568768,0.6762771090002389,0.6768037840001853,0.0007448309278870595,0.009857177734375,0.009857177734375,1.5520995122570669,1.5520995122570669,1.0,0.0
branch_and_bound,6,1,80.2029974927866,80.2029974927866,0.0,80.2029974927866,80.2029974927866,0.013396063999607577,0.013396063999607577,0.0,0.00112152099609375,0.00112152099609375,0.0,0.0,1.0,0.0
ilp,6,1,80.2029974927866,80.2029974927866,0.0,80.2029974927866,80.2029974927866,0.06729541000004247,0.06729541000004247,0.0,0.13041305541992188,0.13041305541992188,0.0,0.0,1.0,0.0
